{"errors":[],"warnings":[],"namedChunkGroups":{"app":{"chunks":[4,0],"assets":["webpack-runtime-604fd18e53c3e1366d21.js","webpack-runtime-604fd18e53c3e1366d21.js.map","app-3784898351f09165f6b2.js","app-3784898351f09165f6b2.js.map"],"children":{},"childAssets":{}},"component---src-pages-index-js":{"chunks":[3,1],"assets":["3.00256f1f2e625c778986.css","3-4d0f3eb7cb38cec0016e.js","3.00256f1f2e625c778986.css.map","3-4d0f3eb7cb38cec0016e.js.map","component---src-pages-index-js.b5ebb641331dc275f0d6.css","component---src-pages-index-js-d66a65b0ab9884798190.js","component---src-pages-index-js.b5ebb641331dc275f0d6.css.map","component---src-pages-index-js-d66a65b0ab9884798190.js.map"],"children":{},"childAssets":{}}},"assetsByChunkName":{"app":["webpack-runtime-604fd18e53c3e1366d21.js","app-3784898351f09165f6b2.js"],"component---src-pages-index-js":["3.00256f1f2e625c778986.css","3-4d0f3eb7cb38cec0016e.js","component---src-pages-index-js.b5ebb641331dc275f0d6.css","component---src-pages-index-js-d66a65b0ab9884798190.js"]}}